,date,county,city,race,population,atleast_onedose,fully_vaccinated,boosted,boosted_second,partially_vaccinated
2475,2021-03-09,Suffolk,Revere,AI/AN,55.0,,,,,
2476,2021-03-09,Suffolk,Revere,Asian,3428.0,410.0,211.0,,,199.0
2477,2021-03-09,Suffolk,Revere,Black,3713.0,455.0,280.0,,,175.0
2478,2021-03-09,Suffolk,Revere,Hispanic,24756.0,1806.0,829.0,,,977.0
2479,2021-03-09,Suffolk,Revere,Multi,582.0,157.0,98.0,,,59.0
2480,2021-03-09,Suffolk,Revere,NH/PI,11.0,,,,,
2481,2021-03-09,Suffolk,Revere,White,28857.0,6738.0,3612.0,,,3126.0
2482,2021-03-09,Suffolk,Revere,Other/Unknown,,1239.0,653.0,,,586.0
2483,2021-03-09,Suffolk,Revere,Total,60849.0,,,,,
5499,2021-03-16,Suffolk,Revere,AI/AN,55.0,,,,,
5500,2021-03-16,Suffolk,Revere,Asian,3428.0,517.0,279.0,,,238.0
5501,2021-03-16,Suffolk,Revere,Black,3713.0,535.0,339.0,,,196.0
5502,2021-03-16,Suffolk,Revere,Hispanic,24756.0,2172.0,1114.0,,,1058.0
5503,2021-03-16,Suffolk,Revere,Multi,582.0,177.0,118.0,,,59.0
5504,2021-03-16,Suffolk,Revere,NH/PI,11.0,,,,,
5505,2021-03-16,Suffolk,Revere,White,28857.0,7820.0,4553.0,,,3267.0
5506,2021-03-16,Suffolk,Revere,Other/Unknown,,1363.0,736.0,,,627.0
5507,2021-03-16,Suffolk,Revere,Total,60849.0,,,,,
8532,2021-03-23,Suffolk,Revere,AI/AN,55.0,,,,,
8533,2021-03-23,Suffolk,Revere,Asian,3428.0,673.0,359.0,,,314.0
8534,2021-03-23,Suffolk,Revere,Black,3713.0,623.0,383.0,,,240.0
8535,2021-03-23,Suffolk,Revere,Hispanic,24756.0,2737.0,1398.0,,,1339.0
8536,2021-03-23,Suffolk,Revere,Multi,582.0,222.0,142.0,,,80.0
8537,2021-03-23,Suffolk,Revere,NH/PI,11.0,,,,,
8538,2021-03-23,Suffolk,Revere,White,28857.0,9065.0,5656.0,,,3409.0
8539,2021-03-23,Suffolk,Revere,Other/Unknown,,1523.0,845.0,,,678.0
8540,2021-03-23,Suffolk,Revere,Total,60849.0,,,,,
11565,2021-03-30,Suffolk,Revere,AI/AN,55.0,,,,,
11566,2021-03-30,Suffolk,Revere,Asian,3428.0,829.0,437.0,,,392.0
11567,2021-03-30,Suffolk,Revere,Black,3713.0,691.0,428.0,,,263.0
11568,2021-03-30,Suffolk,Revere,Hispanic,24756.0,3604.0,1871.0,,,1733.0
11569,2021-03-30,Suffolk,Revere,Multi,582.0,269.0,168.0,,,101.0
11570,2021-03-30,Suffolk,Revere,NH/PI,11.0,,,,,
11571,2021-03-30,Suffolk,Revere,White,28857.0,10215.0,6573.0,,,3642.0
11572,2021-03-30,Suffolk,Revere,Other/Unknown,,1792.0,973.0,,,819.0
11573,2021-03-30,Suffolk,Revere,Total,60849.0,,,,,
14598,2021-04-06,Suffolk,Revere,AI/AN,55.0,,,,,
14599,2021-04-06,Suffolk,Revere,Asian,3428.0,997.0,498.0,,,499.0
14600,2021-04-06,Suffolk,Revere,Black,3713.0,820.0,488.0,,,332.0
14601,2021-04-06,Suffolk,Revere,Hispanic,24756.0,4831.0,2139.0,,,2692.0
14602,2021-04-06,Suffolk,Revere,Multi,582.0,314.0,186.0,,,128.0
14603,2021-04-06,Suffolk,Revere,NH/PI,11.0,,,,,
14604,2021-04-06,Suffolk,Revere,White,28857.0,11319.0,7183.0,,,4136.0
14605,2021-04-06,Suffolk,Revere,Other/Unknown,,2206.0,1119.0,,,1087.0
14606,2021-04-06,Suffolk,Revere,Total,60849.0,,,,,
17631,2021-04-13,Suffolk,Revere,AI/AN,55.0,,,,,
17632,2021-04-13,Suffolk,Revere,Asian,3428.0,1255.0,670.0,,,585.0
17633,2021-04-13,Suffolk,Revere,Black,3713.0,935.0,585.0,,,350.0
17634,2021-04-13,Suffolk,Revere,Hispanic,24756.0,6247.0,2787.0,,,3460.0
17635,2021-04-13,Suffolk,Revere,Multi,582.0,372.0,231.0,,,141.0
17636,2021-04-13,Suffolk,Revere,NH/PI,11.0,,,,,
17637,2021-04-13,Suffolk,Revere,White,28857.0,12574.0,8710.0,,,3864.0
17638,2021-04-13,Suffolk,Revere,Other/Unknown,,2615.0,1349.0,,,1266.0
17639,2021-04-13,Suffolk,Revere,Total,60849.0,,,,,
20664,2021-04-20,Suffolk,Revere,AI/AN,55.0,,,,,
20665,2021-04-20,Suffolk,Revere,Asian,3428.0,1495.0,778.0,,,717.0
20666,2021-04-20,Suffolk,Revere,Black,3713.0,1063.0,656.0,,,407.0
20667,2021-04-20,Suffolk,Revere,Hispanic,24756.0,7448.0,3336.0,,,4112.0
20668,2021-04-20,Suffolk,Revere,Multi,582.0,401.0,270.0,,,131.0
20669,2021-04-20,Suffolk,Revere,NH/PI,11.0,32.0,,,,
20670,2021-04-20,Suffolk,Revere,White,28857.0,13432.0,9553.0,,,3879.0
20671,2021-04-20,Suffolk,Revere,Other/Unknown,,2960.0,1569.0,,,1391.0
20672,2021-04-20,Suffolk,Revere,Total,60849.0,,,,,
23697,2021-04-27,Suffolk,Revere,AI/AN,55.0,,,,,
23698,2021-04-27,Suffolk,Revere,Asian,3428.0,1720.0,954.0,,,766.0
23699,2021-04-27,Suffolk,Revere,Black,3713.0,1166.0,752.0,,,414.0
23700,2021-04-27,Suffolk,Revere,Hispanic,24756.0,8347.0,4476.0,,,3871.0
23701,2021-04-27,Suffolk,Revere,Multi,582.0,441.0,317.0,,,124.0
23702,2021-04-27,Suffolk,Revere,NH/PI,11.0,33.0,,,,
23703,2021-04-27,Suffolk,Revere,White,28857.0,14174.0,10633.0,,,3541.0
23704,2021-04-27,Suffolk,Revere,Other/Unknown,,3272.0,1838.0,,,1434.0
23705,2021-04-27,Suffolk,Revere,Total,60849.0,,,,,
26730,2021-05-04,Suffolk,Revere,AI/AN,55.0,,,,,
26731,2021-05-04,Suffolk,Revere,Asian,3428.0,1887.0,1148.0,,,739.0
26732,2021-05-04,Suffolk,Revere,Black,3713.0,1265.0,845.0,,,420.0
26733,2021-05-04,Suffolk,Revere,Hispanic,24756.0,9318.0,5696.0,,,3622.0
26734,2021-05-04,Suffolk,Revere,Multi,582.0,479.0,369.0,,,110.0
26735,2021-05-04,Suffolk,Revere,NH/PI,11.0,34.0,,,,
26736,2021-05-04,Suffolk,Revere,White,28857.0,14848.0,11549.0,,,3299.0
26737,2021-05-04,Suffolk,Revere,Other/Unknown,,3513.0,2151.0,,,1362.0
26738,2021-05-04,Suffolk,Revere,Total,60849.0,,,,,
29763,2021-05-11,Suffolk,Revere,AI/AN,55.0,30.0,,,,
29764,2021-05-11,Suffolk,Revere,Asian,3428.0,2026.0,1383.0,,,643.0
29765,2021-05-11,Suffolk,Revere,Black,3713.0,1353.0,974.0,,,379.0
29766,2021-05-11,Suffolk,Revere,Hispanic,24756.0,10084.0,6857.0,,,3227.0
29767,2021-05-11,Suffolk,Revere,Multi,582.0,510.0,398.0,,,112.0
29768,2021-05-11,Suffolk,Revere,NH/PI,11.0,36.0,,,,
29769,2021-05-11,Suffolk,Revere,White,28857.0,15393.0,12465.0,,,2928.0
29770,2021-05-11,Suffolk,Revere,Other/Unknown,,3703.0,2426.0,,,1277.0
29771,2021-05-11,Suffolk,Revere,Total,60849.0,33135.0,,,,
32796,2021-05-18,Suffolk,Revere,AI/AN,55.0,33.0,,,,
32797,2021-05-18,Suffolk,Revere,Asian,3428.0,2112.0,1560.0,,,552.0
32798,2021-05-18,Suffolk,Revere,Black,3713.0,1426.0,1059.0,,,367.0
32799,2021-05-18,Suffolk,Revere,Hispanic,24756.0,10884.0,7740.0,,,3144.0
32800,2021-05-18,Suffolk,Revere,Multi,582.0,538.0,419.0,,,119.0
32801,2021-05-18,Suffolk,Revere,NH/PI,11.0,38.0,30.0,,,
32802,2021-05-18,Suffolk,Revere,White,28857.0,15916.0,13020.0,,,2896.0
32803,2021-05-18,Suffolk,Revere,Other/Unknown,,4027.0,2660.0,,,1367.0
32804,2021-05-18,Suffolk,Revere,Total,60849.0,34974.0,,,,
35820,2021-05-25,Suffolk,Revere,AI/AN,55.0,36.0,,,,
35821,2021-05-25,Suffolk,Revere,Asian,3428.0,2204.0,1745.0,,,459.0
35822,2021-05-25,Suffolk,Revere,Black,3713.0,1496.0,1145.0,,,351.0
35823,2021-05-25,Suffolk,Revere,Hispanic,24756.0,11593.0,8701.0,,,2892.0
35824,2021-05-25,Suffolk,Revere,Multi,582.0,567.0,462.0,,,105.0
35825,2021-05-25,Suffolk,Revere,NH/PI,11.0,39.0,30.0,,,
35826,2021-05-25,Suffolk,Revere,White,28857.0,16455.0,13755.0,,,2700.0
35827,2021-05-25,Suffolk,Revere,Other/Unknown,,4282.0,2886.0,,,1396.0
35828,2021-05-25,Suffolk,Revere,Total,60849.0,36672.0,,,,
38853,2021-06-01,Suffolk,Revere,AI/AN,55.0,38.0,31.0,,,
38854,2021-06-01,Suffolk,Revere,Asian,3428.0,2243.0,1860.0,,,383.0
38855,2021-06-01,Suffolk,Revere,Black,3713.0,1557.0,1235.0,,,322.0
38856,2021-06-01,Suffolk,Revere,Hispanic,24756.0,12151.0,9517.0,,,2634.0
38857,2021-06-01,Suffolk,Revere,Multi,582.0,593.0,494.0,,,99.0
38858,2021-06-01,Suffolk,Revere,NH/PI,11.0,42.0,34.0,,,
38859,2021-06-01,Suffolk,Revere,White,28857.0,16808.0,14352.0,,,2456.0
38860,2021-06-01,Suffolk,Revere,Other/Unknown,,4461.0,3111.0,,,1350.0
38861,2021-06-01,Suffolk,Revere,Total,60849.0,37893.0,30634.0,,,
41886,2021-06-08,Suffolk,Revere,AI/AN,55.0,39.0,32.0,,,
41887,2021-06-08,Suffolk,Revere,Asian,3428.0,2284.0,1975.0,,,309.0
41888,2021-06-08,Suffolk,Revere,Black,3713.0,1590.0,1317.0,,,273.0
41889,2021-06-08,Suffolk,Revere,Hispanic,24756.0,12662.0,10294.0,,,2368.0
41890,2021-06-08,Suffolk,Revere,Multi,582.0,600.0,524.0,,,76.0
41891,2021-06-08,Suffolk,Revere,NH/PI,11.0,43.0,35.0,,,
41892,2021-06-08,Suffolk,Revere,White,28857.0,17133.0,14935.0,,,2198.0
41893,2021-06-08,Suffolk,Revere,Other/Unknown,,4668.0,3341.0,,,1327.0
41894,2021-06-08,Suffolk,Revere,Total,60849.0,39019.0,32453.0,,,
44919,2021-06-15,Suffolk,Revere,AI/AN,55.0,39.0,33.0,,,
44920,2021-06-15,Suffolk,Revere,Asian,3428.0,2316.0,2065.0,,,251.0
44921,2021-06-15,Suffolk,Revere,Black,3713.0,1619.0,1373.0,,,246.0
44922,2021-06-15,Suffolk,Revere,Hispanic,24756.0,13059.0,10959.0,,,2100.0
44923,2021-06-15,Suffolk,Revere,Multi,582.0,619.0,548.0,,,71.0
44924,2021-06-15,Suffolk,Revere,NH/PI,11.0,44.0,37.0,,,
44925,2021-06-15,Suffolk,Revere,White,28857.0,17294.0,15390.0,,,1904.0
44926,2021-06-15,Suffolk,Revere,Other/Unknown,,4748.0,3513.0,,,1235.0
44927,2021-06-15,Suffolk,Revere,Total,60849.0,39738.0,33918.0,,,
47952,2021-06-22,Suffolk,Revere,AI/AN,55.0,38.0,35.0,,,
47953,2021-06-22,Suffolk,Revere,Asian,3428.0,2346.0,2115.0,,,231.0
47954,2021-06-22,Suffolk,Revere,Black,3713.0,1661.0,1435.0,,,226.0
47955,2021-06-22,Suffolk,Revere,Hispanic,24756.0,13387.0,11505.0,,,1882.0
47956,2021-06-22,Suffolk,Revere,Multi,582.0,641.0,575.0,,,66.0
47957,2021-06-22,Suffolk,Revere,NH/PI,11.0,44.0,39.0,,,
47958,2021-06-22,Suffolk,Revere,White,28857.0,17454.0,15731.0,,,1723.0
47959,2021-06-22,Suffolk,Revere,Other/Unknown,,4811.0,3635.0,,,1176.0
47960,2021-06-22,Suffolk,Revere,Total,60849.0,40382.0,35070.0,,,
50985,2021-06-29,Suffolk,Revere,AI/AN,55.0,39.0,37.0,,,
50986,2021-06-29,Suffolk,Revere,Asian,3428.0,2362.0,2158.0,,,204.0
50987,2021-06-29,Suffolk,Revere,Black,3713.0,1693.0,1474.0,,,219.0
50988,2021-06-29,Suffolk,Revere,Hispanic,24756.0,13645.0,11879.0,,,1766.0
50989,2021-06-29,Suffolk,Revere,Multi,582.0,656.0,601.0,,,55.0
50990,2021-06-29,Suffolk,Revere,NH/PI,11.0,44.0,40.0,,,
50991,2021-06-29,Suffolk,Revere,White,28857.0,17559.0,15995.0,,,1564.0
50992,2021-06-29,Suffolk,Revere,Other/Unknown,,4853.0,3710.0,,,1143.0
50993,2021-06-29,Suffolk,Revere,Total,60849.0,40851.0,35894.0,,,
54018,2021-07-06,Suffolk,Revere,AI/AN,55.0,39.0,37.0,,,193.0
54019,2021-07-06,Suffolk,Revere,Asian,3428.0,2373.0,2180.0,,,207.0
54020,2021-07-06,Suffolk,Revere,Black,3713.0,1711.0,1504.0,,,1702.0
54021,2021-07-06,Suffolk,Revere,Hispanic,24756.0,13837.0,12135.0,,,47.0
54022,2021-07-06,Suffolk,Revere,Multi,582.0,662.0,615.0,,,
54023,2021-07-06,Suffolk,Revere,NH/PI,11.0,45.0,42.0,,,1539.0
54024,2021-07-06,Suffolk,Revere,White,28857.0,17671.0,16132.0,,,1105.0
54025,2021-07-06,Suffolk,Revere,Other/Unknown,,4889.0,3784.0,,,
54026,2021-07-06,Suffolk,Revere,Total,60849.0,41227.0,36429.0,,,
57051,2021-07-13,Suffolk,Revere,AI/AN,55.0,39.0,37.0,,,
57052,2021-07-13,Suffolk,Revere,Asian,3428.0,2388.0,2204.0,,,184.0
57053,2021-07-13,Suffolk,Revere,Black,3713.0,1740.0,1523.0,,,217.0
57054,2021-07-13,Suffolk,Revere,Hispanic,24756.0,14040.0,12353.0,,,1687.0
57055,2021-07-13,Suffolk,Revere,Multi,582.0,674.0,625.0,,,49.0
57056,2021-07-13,Suffolk,Revere,NH/PI,11.0,46.0,43.0,,,
57057,2021-07-13,Suffolk,Revere,White,28857.0,17768.0,16261.0,,,1507.0
57058,2021-07-13,Suffolk,Revere,Other/Unknown,,4941.0,3837.0,,,1104.0
57059,2021-07-13,Suffolk,Revere,Total,60849.0,41636.0,36883.0,,,
60084,2021-07-20,Suffolk,Revere,AI/AN,55.0,39.0,37.0,,,
60085,2021-07-20,Suffolk,Revere,Asian,3428.0,2407.0,2229.0,,,178.0
60086,2021-07-20,Suffolk,Revere,Black,3713.0,1761.0,1546.0,,,215.0
60087,2021-07-20,Suffolk,Revere,Hispanic,24756.0,14230.0,12566.0,,,1664.0
60088,2021-07-20,Suffolk,Revere,Multi,582.0,681.0,638.0,,,43.0
60089,2021-07-20,Suffolk,Revere,NH/PI,11.0,47.0,43.0,,,
60090,2021-07-20,Suffolk,Revere,White,28857.0,17871.0,16353.0,,,1518.0
60091,2021-07-20,Suffolk,Revere,Other/Unknown,,4971.0,3863.0,,,1108.0
60092,2021-07-20,Suffolk,Revere,Total,60849.0,42007.0,37275.0,,,
63117,2021-07-27,Suffolk,Revere,AI/AN,55.0,40.0,38.0,,,
63118,2021-07-27,Suffolk,Revere,Asian,3428.0,2423.0,2236.0,,,187.0
63119,2021-07-27,Suffolk,Revere,Black,3713.0,1793.0,1570.0,,,223.0
63120,2021-07-27,Suffolk,Revere,Hispanic,24756.0,14397.0,12723.0,,,1674.0
63121,2021-07-27,Suffolk,Revere,Multi,582.0,688.0,645.0,,,43.0
63122,2021-07-27,Suffolk,Revere,NH/PI,11.0,47.0,43.0,,,
63123,2021-07-27,Suffolk,Revere,White,28857.0,17967.0,16440.0,,,1527.0
63124,2021-07-27,Suffolk,Revere,Other/Unknown,,5013.0,3897.0,,,1116.0
63125,2021-07-27,Suffolk,Revere,Total,60849.0,42368.0,37592.0,,,
66150,2021-08-03,Suffolk,Revere,AI/AN,55.0,40.0,38.0,,,
66151,2021-08-03,Suffolk,Revere,Asian,3428.0,2439.0,2247.0,,,192.0
66152,2021-08-03,Suffolk,Revere,Black,3713.0,1815.0,1597.0,,,218.0
66153,2021-08-03,Suffolk,Revere,Hispanic,24756.0,14606.0,12860.0,,,1746.0
66154,2021-08-03,Suffolk,Revere,Multi,582.0,692.0,650.0,,,42.0
66155,2021-08-03,Suffolk,Revere,NH/PI,11.0,47.0,43.0,,,
66156,2021-08-03,Suffolk,Revere,White,28857.0,18138.0,16542.0,,,1596.0
66157,2021-08-03,Suffolk,Revere,Other/Unknown,,5047.0,3926.0,,,1121.0
66158,2021-08-03,Suffolk,Revere,Total,60849.0,42824.0,37903.0,,,
69183,2021-08-10,Suffolk,Revere,AI/AN,55.0,44.0,40.0,,,
69184,2021-08-10,Suffolk,Revere,Asian,3428.0,2469.0,2267.0,,,202.0
69185,2021-08-10,Suffolk,Revere,Black,3713.0,1842.0,1612.0,,,230.0
69186,2021-08-10,Suffolk,Revere,Hispanic,24756.0,14822.0,12994.0,,,1828.0
69187,2021-08-10,Suffolk,Revere,Multi,582.0,696.0,655.0,,,41.0
69188,2021-08-10,Suffolk,Revere,NH/PI,11.0,48.0,43.0,,,
69189,2021-08-10,Suffolk,Revere,White,28857.0,18291.0,16653.0,,,1638.0
69190,2021-08-10,Suffolk,Revere,Other/Unknown,,5046.0,3938.0,,,1108.0
69191,2021-08-10,Suffolk,Revere,Total,60849.0,43258.0,38202.0,,,
72216,2021-08-17,Suffolk,Revere,AI/AN,55.0,46.0,40.0,,,
72217,2021-08-17,Suffolk,Revere,Asian,3428.0,2478.0,2280.0,,,198.0
72218,2021-08-17,Suffolk,Revere,Black,3713.0,1874.0,1645.0,,,229.0
72219,2021-08-17,Suffolk,Revere,Hispanic,24756.0,15012.0,13155.0,,,1857.0
72220,2021-08-17,Suffolk,Revere,Multi,582.0,703.0,662.0,,,41.0
72221,2021-08-17,Suffolk,Revere,NH/PI,11.0,48.0,43.0,,,
72222,2021-08-17,Suffolk,Revere,White,28857.0,18454.0,16766.0,,,1688.0
72223,2021-08-17,Suffolk,Revere,Other/Unknown,,5084.0,3958.0,,,1126.0
72224,2021-08-17,Suffolk,Revere,Total,60849.0,43699.0,38549.0,,,
75249,2021-08-24,Suffolk,Revere,AI/AN,55.0,47.0,41.0,,,
75250,2021-08-24,Suffolk,Revere,Asian,3428.0,2489.0,2295.0,,,194.0
75251,2021-08-24,Suffolk,Revere,Black,3713.0,1905.0,1660.0,,,245.0
75252,2021-08-24,Suffolk,Revere,Hispanic,24756.0,15178.0,13335.0,,,1843.0
75253,2021-08-24,Suffolk,Revere,Multi,582.0,710.0,671.0,,,39.0
75254,2021-08-24,Suffolk,Revere,NH/PI,11.0,47.0,43.0,,,
75255,2021-08-24,Suffolk,Revere,White,28857.0,18584.0,16897.0,,,1687.0
75256,2021-08-24,Suffolk,Revere,Other/Unknown,,5115.0,3987.0,,,1128.0
75257,2021-08-24,Suffolk,Revere,Total,60849.0,44075.0,38929.0,,,
78282,2021-08-31,Suffolk,Revere,AI/AN,55.0,46.0,41.0,,,
78283,2021-08-31,Suffolk,Revere,Asian,3428.0,2504.0,2320.0,,,184.0
78284,2021-08-31,Suffolk,Revere,Black,3713.0,1922.0,1679.0,,,243.0
78285,2021-08-31,Suffolk,Revere,Hispanic,24756.0,15348.0,13518.0,,,1830.0
78286,2021-08-31,Suffolk,Revere,Multi,582.0,728.0,680.0,,,48.0
78287,2021-08-31,Suffolk,Revere,NH/PI,11.0,48.0,45.0,,,
78288,2021-08-31,Suffolk,Revere,White,28857.0,18711.0,17050.0,,,1661.0
78289,2021-08-31,Suffolk,Revere,Other/Unknown,,5154.0,4022.0,,,1132.0
78290,2021-08-31,Suffolk,Revere,Total,60849.0,44461.0,39355.0,,,
81315,2021-09-07,Suffolk,Revere,AI/AN,55.0,47.0,41.0,,,
81316,2021-09-07,Suffolk,Revere,Asian,3428.0,2519.0,2335.0,,,184.0
81317,2021-09-07,Suffolk,Revere,Black,3713.0,1944.0,1699.0,,,245.0
81318,2021-09-07,Suffolk,Revere,Hispanic,24756.0,15457.0,13675.0,,,1782.0
81319,2021-09-07,Suffolk,Revere,Multi,582.0,744.0,686.0,,,58.0
81320,2021-09-07,Suffolk,Revere,NH/PI,11.0,48.0,45.0,,,
81321,2021-09-07,Suffolk,Revere,White,28857.0,18836.0,17172.0,,,1664.0
81322,2021-09-07,Suffolk,Revere,Other/Unknown,,5160.0,4038.0,,,1122.0
81323,2021-09-07,Suffolk,Revere,Total,60849.0,44755.0,39691.0,,,
84348,2021-09-14,Suffolk,Revere,AI/AN,55.0,50.0,42.0,,,
84349,2021-09-14,Suffolk,Revere,Asian,3428.0,2521.0,2340.0,,,181.0
84350,2021-09-14,Suffolk,Revere,Black,3713.0,1976.0,1735.0,,,241.0
84351,2021-09-14,Suffolk,Revere,Hispanic,24756.0,15584.0,13834.0,,,1750.0
84352,2021-09-14,Suffolk,Revere,Multi,582.0,760.0,696.0,,,64.0
84353,2021-09-14,Suffolk,Revere,NH/PI,11.0,50.0,44.0,,,
84354,2021-09-14,Suffolk,Revere,White,28857.0,18941.0,17294.0,,,1647.0
84355,2021-09-14,Suffolk,Revere,Other/Unknown,,5184.0,4062.0,,,1122.0
84356,2021-09-14,Suffolk,Revere,Total,60849.0,45066.0,40047.0,,,
87381,2021-09-21,Suffolk,Revere,AI/AN,55.0,49.0,42.0,,,
87382,2021-09-21,Suffolk,Revere,Asian,3428.0,2534.0,2357.0,,,177.0
87383,2021-09-21,Suffolk,Revere,Black,3713.0,2006.0,1757.0,,,249.0
87384,2021-09-21,Suffolk,Revere,Hispanic,24756.0,15739.0,13989.0,,,1750.0
87385,2021-09-21,Suffolk,Revere,Multi,582.0,776.0,713.0,,,63.0
87386,2021-09-21,Suffolk,Revere,NH/PI,11.0,49.0,43.0,,,
87387,2021-09-21,Suffolk,Revere,White,28857.0,19058.0,17434.0,,,1624.0
87388,2021-09-21,Suffolk,Revere,Other/Unknown,,5178.0,4058.0,,,1120.0
87389,2021-09-21,Suffolk,Revere,Total,60849.0,45389.0,40393.0,,,
90414,2021-09-28,Suffolk,Revere,AI/AN,55.0,49.0,43.0,,,
90415,2021-09-28,Suffolk,Revere,Asian,3428.0,2543.0,2365.0,,,178.0
90416,2021-09-28,Suffolk,Revere,Black,3713.0,2031.0,1777.0,,,254.0
90417,2021-09-28,Suffolk,Revere,Hispanic,24756.0,15856.0,14075.0,,,1781.0
90418,2021-09-28,Suffolk,Revere,Multi,582.0,793.0,738.0,,,55.0
90419,2021-09-28,Suffolk,Revere,NH/PI,11.0,49.0,42.0,,,
90420,2021-09-28,Suffolk,Revere,White,28857.0,19138.0,17522.0,,,1616.0
90421,2021-09-28,Suffolk,Revere,Other/Unknown,,5174.0,4050.0,,,1124.0
90422,2021-09-28,Suffolk,Revere,Total,60849.0,45633.0,40612.0,,,
93447,2021-10-05,Suffolk,Revere,AI/AN,55.0,50.0,44.0,,,
93448,2021-10-05,Suffolk,Revere,Asian,3428.0,2538.0,2361.0,,,177.0
93449,2021-10-05,Suffolk,Revere,Black,3713.0,2054.0,1799.0,,,255.0
93450,2021-10-05,Suffolk,Revere,Hispanic,24756.0,15961.0,14169.0,,,1792.0
93451,2021-10-05,Suffolk,Revere,Multi,582.0,812.0,761.0,,,51.0
93452,2021-10-05,Suffolk,Revere,NH/PI,11.0,48.0,45.0,,,
93453,2021-10-05,Suffolk,Revere,White,28857.0,19299.0,17678.0,,,1621.0
93454,2021-10-05,Suffolk,Revere,Other/Unknown,,5151.0,4026.0,,,1125.0
93455,2021-10-05,Suffolk,Revere,Total,60849.0,45913.0,40883.0,,,
96480,2021-10-12,Suffolk,Revere,AI/AN,55.0,46.0,39.0,,,
96481,2021-10-12,Suffolk,Revere,Asian,3428.0,2549.0,2369.0,,,180.0
96482,2021-10-12,Suffolk,Revere,Black,3713.0,2078.0,1839.0,,,239.0
96483,2021-10-12,Suffolk,Revere,Hispanic,24756.0,16078.0,14305.0,,,1773.0
96484,2021-10-12,Suffolk,Revere,Multi,582.0,829.0,781.0,,,48.0
96485,2021-10-12,Suffolk,Revere,NH/PI,11.0,48.0,45.0,,,
96486,2021-10-12,Suffolk,Revere,White,28857.0,19431.0,17811.0,,,1620.0
96487,2021-10-12,Suffolk,Revere,Other/Unknown,,5108.0,3996.0,,,1112.0
96488,2021-10-12,Suffolk,Revere,Total,60849.0,46167.0,41185.0,,,
99513,2021-10-19,Suffolk,Revere,AI/AN,55.0,47.0,39.0,,,8.0
99514,2021-10-19,Suffolk,Revere,Asian,3428.0,2569.0,2392.0,,,177.0
99515,2021-10-19,Suffolk,Revere,Black,3713.0,2096.0,1852.0,,,244.0
99516,2021-10-19,Suffolk,Revere,Hispanic,24756.0,16169.0,14386.0,,,1783.0
99517,2021-10-19,Suffolk,Revere,Multi,582.0,845.0,796.0,,,49.0
99518,2021-10-19,Suffolk,Revere,NH/PI,11.0,,,,,
99519,2021-10-19,Suffolk,Revere,White,28857.0,19569.0,17931.0,,,1638.0
99520,2021-10-19,Suffolk,Revere,Other/Unknown,,5078.0,3964.0,,,1114.0
99521,2021-10-19,Suffolk,Revere,Total,60849.0,,,,,
102546,2021-10-26,Suffolk,Revere,AI/AN,55.0,47.0,39.0,,,8.0
102547,2021-10-26,Suffolk,Revere,Asian,3428.0,2589.0,2408.0,,,181.0
102548,2021-10-26,Suffolk,Revere,Black,3713.0,2095.0,1857.0,,,238.0
102549,2021-10-26,Suffolk,Revere,Hispanic,24756.0,16263.0,14474.0,,,1789.0
102550,2021-10-26,Suffolk,Revere,Multi,582.0,868.0,816.0,,,52.0
102551,2021-10-26,Suffolk,Revere,NH/PI,11.0,,,,,
102552,2021-10-26,Suffolk,Revere,White,28857.0,19724.0,18025.0,,,1699.0
102553,2021-10-26,Suffolk,Revere,Other/Unknown,,5069.0,3945.0,,,1124.0
102554,2021-10-26,Suffolk,Revere,Total,60849.0,,,,,
105579,2021-11-02,Suffolk,Revere,AI/AN,55.0,46.0,39.0,,,7.0
105580,2021-11-02,Suffolk,Revere,Asian,3428.0,2605.0,2418.0,,,187.0
105581,2021-11-02,Suffolk,Revere,Black,3713.0,2105.0,1874.0,,,231.0
105582,2021-11-02,Suffolk,Revere,Hispanic,24756.0,16370.0,14545.0,,,1825.0
105583,2021-11-02,Suffolk,Revere,Multi,582.0,891.0,832.0,,,59.0
105584,2021-11-02,Suffolk,Revere,NH/PI,11.0,,,,,
105585,2021-11-02,Suffolk,Revere,White,28857.0,19927.0,18120.0,,,1807.0
105586,2021-11-02,Suffolk,Revere,Other/Unknown,,5032.0,3911.0,,,1121.0
105587,2021-11-02,Suffolk,Revere,Total,60849.0,,,,,
108612,2021-11-09,Suffolk,Revere,AI/AN,55.0,46.0,37.0,,,9.0
108613,2021-11-09,Suffolk,Revere,Asian,3428.0,2620.0,2414.0,,,206.0
108614,2021-11-09,Suffolk,Revere,Black,3713.0,2120.0,1886.0,,,234.0
108615,2021-11-09,Suffolk,Revere,Hispanic,24756.0,16528.0,14641.0,,,1887.0
108616,2021-11-09,Suffolk,Revere,Multi,582.0,913.0,849.0,,,64.0
108617,2021-11-09,Suffolk,Revere,NH/PI,11.0,,,,,
108618,2021-11-09,Suffolk,Revere,White,28857.0,20160.0,18235.0,,,1925.0
108619,2021-11-09,Suffolk,Revere,Other/Unknown,,5009.0,3870.0,,,1139.0
108620,2021-11-09,Suffolk,Revere,Total,60849.0,,,,,
111645,2021-11-16,Suffolk,Revere,AI/AN,55.0,49.0,40.0,,,9.0
111646,2021-11-16,Suffolk,Revere,Asian,3428.0,2661.0,2417.0,,,244.0
111647,2021-11-16,Suffolk,Revere,Black,3713.0,2154.0,1916.0,,,238.0
111648,2021-11-16,Suffolk,Revere,Hispanic,24756.0,16715.0,14733.0,,,1982.0
111649,2021-11-16,Suffolk,Revere,Multi,582.0,946.0,874.0,,,72.0
111650,2021-11-16,Suffolk,Revere,NH/PI,11.0,,,,,
111651,2021-11-16,Suffolk,Revere,White,28857.0,20467.0,18451.0,,,2016.0
111652,2021-11-16,Suffolk,Revere,Other/Unknown,,5006.0,3866.0,,,1140.0
111653,2021-11-16,Suffolk,Revere,Total,60849.0,,,,,
114678,2021-11-23,Suffolk,Revere,AI/AN,55.0,50.0,40.0,,,10.0
114679,2021-11-23,Suffolk,Revere,Asian,3428.0,2717.0,2431.0,,,286.0
114680,2021-11-23,Suffolk,Revere,Black,3713.0,2174.0,1920.0,,,254.0
114681,2021-11-23,Suffolk,Revere,Hispanic,24756.0,16964.0,14828.0,,,2136.0
114682,2021-11-23,Suffolk,Revere,Multi,582.0,974.0,888.0,,,86.0
114683,2021-11-23,Suffolk,Revere,NH/PI,11.0,,,,,
114684,2021-11-23,Suffolk,Revere,White,28857.0,20735.0,18520.0,,,2215.0
114685,2021-11-23,Suffolk,Revere,Other/Unknown,,5025.0,3847.0,,,1178.0
114686,2021-11-23,Suffolk,Revere,Total,60849.0,,,,,
117711,2021-11-30,Suffolk,Revere,AI/AN,55.0,51.0,42.0,,,9.0
117712,2021-11-30,Suffolk,Revere,Asian,3428.0,2745.0,2444.0,,,301.0
117713,2021-11-30,Suffolk,Revere,Black,3713.0,2184.0,1928.0,,,256.0
117714,2021-11-30,Suffolk,Revere,Hispanic,24756.0,17081.0,14912.0,,,2169.0
117715,2021-11-30,Suffolk,Revere,Multi,582.0,988.0,901.0,,,87.0
117716,2021-11-30,Suffolk,Revere,NH/PI,11.0,,,,,
117717,2021-11-30,Suffolk,Revere,White,28857.0,20877.0,18581.0,,,2296.0
117718,2021-11-30,Suffolk,Revere,Other/Unknown,,5044.0,3843.0,,,1201.0
117719,2021-11-30,Suffolk,Revere,Total,60849.0,,,,,
120744,2021-12-07,Suffolk,Revere,AI/AN,55.0,51.0,44.0,,,7.0
120745,2021-12-07,Suffolk,Revere,Asian,3428.0,2730.0,2462.0,,,268.0
120746,2021-12-07,Suffolk,Revere,Black,3713.0,2189.0,1936.0,,,253.0
120747,2021-12-07,Suffolk,Revere,Hispanic,24756.0,17317.0,15064.0,,,2253.0
120748,2021-12-07,Suffolk,Revere,Multi,582.0,994.0,924.0,,,70.0
120749,2021-12-07,Suffolk,Revere,NH/PI,11.0,,,,,
120750,2021-12-07,Suffolk,Revere,White,28857.0,20705.0,18693.0,,,2012.0
120751,2021-12-07,Suffolk,Revere,Other/Unknown,,5050.0,3806.0,,,1244.0
120752,2021-12-07,Suffolk,Revere,Total,60849.0,,,,,
123777,2021-12-14,Suffolk,Revere,AI/AN,55.0,52.0,42.0,,,10.0
123778,2021-12-14,Suffolk,Revere,Asian,3428.0,2774.0,2501.0,,,273.0
123779,2021-12-14,Suffolk,Revere,Black,3713.0,2208.0,1956.0,,,252.0
123780,2021-12-14,Suffolk,Revere,Hispanic,24756.0,17618.0,15279.0,,,2339.0
123781,2021-12-14,Suffolk,Revere,Multi,582.0,1030.0,962.0,,,68.0
123782,2021-12-14,Suffolk,Revere,NH/PI,11.0,,,,,
123783,2021-12-14,Suffolk,Revere,White,28857.0,20839.0,18853.0,,,1986.0
123784,2021-12-14,Suffolk,Revere,Other/Unknown,,5041.0,3770.0,,,1271.0
123785,2021-12-14,Suffolk,Revere,Total,60849.0,,,,,
126810,2021-12-21,Suffolk,Revere,AI/AN,55.0,53.0,42.0,9.0,,11.0
126811,2021-12-21,Suffolk,Revere,Asian,3428.0,2806.0,2514.0,782.0,,292.0
126812,2021-12-21,Suffolk,Revere,Black,3713.0,2232.0,1962.0,367.0,,270.0
126813,2021-12-21,Suffolk,Revere,Hispanic,24756.0,17900.0,15413.0,2813.0,,2487.0
126814,2021-12-21,Suffolk,Revere,Multi,582.0,1063.0,985.0,345.0,,78.0
126815,2021-12-21,Suffolk,Revere,NH/PI,11.0,,,,,
126816,2021-12-21,Suffolk,Revere,White,28857.0,20939.0,18887.0,6673.0,,2052.0
126817,2021-12-21,Suffolk,Revere,Other/Unknown,,5049.0,3739.0,,,1310.0
126818,2021-12-21,Suffolk,Revere,Total,60849.0,,,,,
129843,2021-12-28,Suffolk,Revere,AI/AN,55.0,52.0,40.0,9.0,,12.0
129844,2021-12-28,Suffolk,Revere,Asian,3428.0,2821.0,2523.0,870.0,,298.0
129845,2021-12-28,Suffolk,Revere,Black,3713.0,2247.0,1964.0,411.0,,283.0
129846,2021-12-28,Suffolk,Revere,Hispanic,24756.0,18064.0,15521.0,3158.0,,2543.0
129847,2021-12-28,Suffolk,Revere,Multi,582.0,1074.0,997.0,371.0,,77.0
129848,2021-12-28,Suffolk,Revere,NH/PI,11.0,,,,,
129849,2021-12-28,Suffolk,Revere,White,28857.0,20987.0,18963.0,7203.0,,2024.0
129850,2021-12-28,Suffolk,Revere,Other/Unknown,,5071.0,3724.0,,,1347.0
129851,2021-12-28,Suffolk,Revere,Total,60849.0,,,,,
132876,2022-01-04,Suffolk,Revere,AI/AN,55.0,54.0,42.0,10.0,,12.0
132877,2022-01-04,Suffolk,Revere,Asian,3428.0,2843.0,2540.0,975.0,,303.0
132878,2022-01-04,Suffolk,Revere,Black,3713.0,2252.0,1969.0,458.0,,283.0
132879,2022-01-04,Suffolk,Revere,Hispanic,24756.0,18290.0,15680.0,3473.0,,2610.0
132880,2022-01-04,Suffolk,Revere,Multi,582.0,1090.0,1011.0,401.0,,79.0
132881,2022-01-04,Suffolk,Revere,NH/PI,11.0,,,,,
132882,2022-01-04,Suffolk,Revere,White,28857.0,21081.0,19021.0,7637.0,,2060.0
132883,2022-01-04,Suffolk,Revere,Other/Unknown,,5054.0,3702.0,,,1352.0
132884,2022-01-04,Suffolk,Revere,Total,60849.0,,,,,
135909,2022-01-11,Suffolk,Revere,AI/AN,55.0,54.0,44.0,11.0,,10.0
135910,2022-01-11,Suffolk,Revere,Asian,3428.0,2868.0,2557.0,1101.0,,311.0
135911,2022-01-11,Suffolk,Revere,Black,3713.0,2274.0,1995.0,537.0,,279.0
135912,2022-01-11,Suffolk,Revere,Hispanic,24756.0,18572.0,15860.0,3917.0,,2712.0
135913,2022-01-11,Suffolk,Revere,Multi,582.0,1113.0,1032.0,447.0,,81.0
135914,2022-01-11,Suffolk,Revere,NH/PI,11.0,,,,,
135915,2022-01-11,Suffolk,Revere,White,28857.0,21188.0,19106.0,8216.0,,2082.0
135916,2022-01-11,Suffolk,Revere,Other/Unknown,,5044.0,3696.0,,,1348.0
135917,2022-01-11,Suffolk,Revere,Total,60849.0,,,,,
138942,2022-01-18,Suffolk,Revere,AI/AN,55.0,53.0,45.0,10.0,,8.0
138943,2022-01-18,Suffolk,Revere,Asian,3428.0,2906.0,2572.0,1182.0,,334.0
138944,2022-01-18,Suffolk,Revere,Black,3713.0,2302.0,2008.0,595.0,,294.0
138945,2022-01-18,Suffolk,Revere,Hispanic,24756.0,18904.0,15982.0,4340.0,,2922.0
138946,2022-01-18,Suffolk,Revere,Multi,582.0,1128.0,1042.0,480.0,,86.0
138947,2022-01-18,Suffolk,Revere,NH/PI,11.0,,,,,
138948,2022-01-18,Suffolk,Revere,White,28857.0,21353.0,19188.0,8770.0,,2165.0
138949,2022-01-18,Suffolk,Revere,Other/Unknown,,5106.0,3688.0,,,1418.0
138950,2022-01-18,Suffolk,Revere,Total,60849.0,,,,,
141975,2022-01-25,Suffolk,Revere,AI/AN,55.0,54.0,45.0,12.0,,9.0
141976,2022-01-25,Suffolk,Revere,Asian,3428.0,2947.0,2590.0,1244.0,,357.0
141977,2022-01-25,Suffolk,Revere,Black,3713.0,2349.0,2033.0,655.0,,316.0
141978,2022-01-25,Suffolk,Revere,Hispanic,24756.0,19261.0,16152.0,4773.0,,3109.0
141979,2022-01-25,Suffolk,Revere,Multi,582.0,1156.0,1068.0,513.0,,88.0
141980,2022-01-25,Suffolk,Revere,NH/PI,11.0,,,,,
141981,2022-01-25,Suffolk,Revere,White,28857.0,21491.0,19278.0,9196.0,,2213.0
141982,2022-01-25,Suffolk,Revere,Other/Unknown,,5153.0,3687.0,,,1466.0
141983,2022-01-25,Suffolk,Revere,Total,60849.0,,,,,
145008,2022-02-01,Suffolk,Revere,AI/AN,55.0,52.0,44.0,12.0,,8.0
145009,2022-02-01,Suffolk,Revere,Asian,3428.0,2962.0,2600.0,1284.0,,362.0
145010,2022-02-01,Suffolk,Revere,Black,3713.0,2353.0,2040.0,696.0,,313.0
145011,2022-02-01,Suffolk,Revere,Hispanic,24756.0,19439.0,16312.0,5130.0,,3127.0
145012,2022-02-01,Suffolk,Revere,Multi,582.0,1174.0,1088.0,535.0,,86.0
145013,2022-02-01,Suffolk,Revere,NH/PI,11.0,,,,,
145014,2022-02-01,Suffolk,Revere,White,28857.0,21582.0,19350.0,9443.0,,2232.0
145015,2022-02-01,Suffolk,Revere,Other/Unknown,,5215.0,3690.0,,,1525.0
145016,2022-02-01,Suffolk,Revere,Total,60849.0,,,,,
148041,2022-02-08,Suffolk,Revere,AI/AN,55.0,53.0,45.0,13.0,,8.0
148042,2022-02-08,Suffolk,Revere,Asian,3428.0,2974.0,2611.0,1311.0,,363.0
148043,2022-02-08,Suffolk,Revere,Black,3713.0,2374.0,2073.0,743.0,,301.0
148044,2022-02-08,Suffolk,Revere,Hispanic,24756.0,19622.0,16470.0,5384.0,,3152.0
148045,2022-02-08,Suffolk,Revere,Multi,582.0,1192.0,1109.0,557.0,,83.0
148046,2022-02-08,Suffolk,Revere,NH/PI,11.0,,,,,
148047,2022-02-08,Suffolk,Revere,White,28857.0,21630.0,19442.0,9656.0,,2188.0
148048,2022-02-08,Suffolk,Revere,Other/Unknown,,5232.0,3701.0,,,1531.0
148049,2022-02-08,Suffolk,Revere,Total,60849.0,,,,,
151074,2022-02-15,Suffolk,Revere,AI/AN,55.0,54.0,45.0,14.0,,9.0
151075,2022-02-15,Suffolk,Revere,Asian,3428.0,2989.0,2626.0,1339.0,,363.0
151076,2022-02-15,Suffolk,Revere,Black,3713.0,2392.0,2099.0,783.0,,293.0
151077,2022-02-15,Suffolk,Revere,Hispanic,24756.0,19755.0,16642.0,5610.0,,3113.0
151078,2022-02-15,Suffolk,Revere,Multi,582.0,1200.0,1121.0,573.0,,79.0
151079,2022-02-15,Suffolk,Revere,NH/PI,11.0,,,,,
151080,2022-02-15,Suffolk,Revere,White,28857.0,21726.0,19530.0,9878.0,,2196.0
151081,2022-02-15,Suffolk,Revere,Other/Unknown,,5275.0,3708.0,,,1567.0
151082,2022-02-15,Suffolk,Revere,Total,60849.0,,,,,
154107,2022-02-22,Suffolk,Revere,AI/AN,55.0,56.0,47.0,15.0,,9.0
154108,2022-02-22,Suffolk,Revere,Asian,3428.0,3001.0,2630.0,1365.0,,371.0
154109,2022-02-22,Suffolk,Revere,Black,3713.0,2402.0,2108.0,819.0,,294.0
154110,2022-02-22,Suffolk,Revere,Hispanic,24756.0,19883.0,16770.0,5816.0,,3113.0
154111,2022-02-22,Suffolk,Revere,Multi,582.0,1215.0,1138.0,599.0,,77.0
154112,2022-02-22,Suffolk,Revere,NH/PI,11.0,,,,,
154113,2022-02-22,Suffolk,Revere,White,28857.0,21775.0,19592.0,10065.0,,2183.0
154114,2022-02-22,Suffolk,Revere,Other/Unknown,,5295.0,3708.0,,,1587.0
154115,2022-02-22,Suffolk,Revere,Total,60849.0,,,,,
157140,2022-03-01,Suffolk,Revere,AI/AN,55.0,55.0,47.0,15.0,,8.0
157141,2022-03-01,Suffolk,Revere,Asian,3428.0,2997.0,2633.0,1389.0,,364.0
157142,2022-03-01,Suffolk,Revere,Black,3713.0,2406.0,2119.0,866.0,,287.0
157143,2022-03-01,Suffolk,Revere,Hispanic,24756.0,19934.0,16877.0,6002.0,,3057.0
157144,2022-03-01,Suffolk,Revere,Multi,582.0,1231.0,1154.0,615.0,,77.0
157145,2022-03-01,Suffolk,Revere,NH/PI,11.0,,,,,
157146,2022-03-01,Suffolk,Revere,White,28857.0,21788.0,19638.0,10260.0,,2150.0
157147,2022-03-01,Suffolk,Revere,Other/Unknown,,5271.0,3695.0,,,1576.0
157148,2022-03-01,Suffolk,Revere,Total,60849.0,,,,,
160173,2022-03-08,Suffolk,Revere,AI/AN,55.0,55.0,47.0,15.0,,8.0
160174,2022-03-08,Suffolk,Revere,Asian,3428.0,3007.0,2641.0,1398.0,,366.0
160175,2022-03-08,Suffolk,Revere,Black,3713.0,2409.0,2128.0,876.0,,281.0
160176,2022-03-08,Suffolk,Revere,Hispanic,24756.0,19997.0,16971.0,6105.0,,3026.0
160177,2022-03-08,Suffolk,Revere,Multi,582.0,1233.0,1157.0,619.0,,76.0
160178,2022-03-08,Suffolk,Revere,NH/PI,11.0,,,,,
160179,2022-03-08,Suffolk,Revere,White,28857.0,21806.0,19686.0,10362.0,,2120.0
160180,2022-03-08,Suffolk,Revere,Other/Unknown,,5272.0,3696.0,,,1576.0
160181,2022-03-08,Suffolk,Revere,Total,60849.0,,,,,
163206,2022-03-15,Suffolk,Revere,AI/AN,55.0,55.0,48.0,15.0,,7.0
163207,2022-03-15,Suffolk,Revere,Asian,3428.0,3011.0,2641.0,1405.0,,370.0
163208,2022-03-15,Suffolk,Revere,Black,3713.0,2404.0,2130.0,890.0,,274.0
163209,2022-03-15,Suffolk,Revere,Hispanic,24756.0,20053.0,17025.0,6214.0,,3028.0
163210,2022-03-15,Suffolk,Revere,Multi,582.0,1242.0,1168.0,628.0,,74.0
163211,2022-03-15,Suffolk,Revere,NH/PI,11.0,,,,,
163212,2022-03-15,Suffolk,Revere,White,28857.0,21831.0,19726.0,10456.0,,2105.0
163213,2022-03-15,Suffolk,Revere,Other/Unknown,,5266.0,3687.0,,,1579.0
163214,2022-03-15,Suffolk,Revere,Total,60849.0,,,,,
166239,2022-03-22,Suffolk,Revere,AI/AN,55.0,56.0,48.0,15.0,,8.0
166240,2022-03-22,Suffolk,Revere,Asian,3428.0,3012.0,2641.0,1416.0,,371.0
166241,2022-03-22,Suffolk,Revere,Black,3713.0,2411.0,2141.0,904.0,,270.0
166242,2022-03-22,Suffolk,Revere,Hispanic,24756.0,20092.0,17068.0,6300.0,,3024.0
166243,2022-03-22,Suffolk,Revere,Multi,582.0,1246.0,1173.0,634.0,,73.0
166244,2022-03-22,Suffolk,Revere,NH/PI,11.0,,,,,
166245,2022-03-22,Suffolk,Revere,White,28857.0,21865.0,19755.0,10539.0,,2110.0
166246,2022-03-22,Suffolk,Revere,Other/Unknown,,5260.0,3685.0,,,1575.0
166247,2022-03-22,Suffolk,Revere,Total,60849.0,,,,,
169272,2022-03-29,Suffolk,Revere,AI/AN,55.0,56.0,48.0,15.0,,8.0
169273,2022-03-29,Suffolk,Revere,Asian,3428.0,3011.0,2643.0,1429.0,,368.0
169274,2022-03-29,Suffolk,Revere,Black,3713.0,2417.0,2145.0,922.0,,272.0
169275,2022-03-29,Suffolk,Revere,Hispanic,24756.0,20127.0,17104.0,6392.0,,3023.0
169276,2022-03-29,Suffolk,Revere,Multi,582.0,1250.0,1181.0,638.0,,69.0
169277,2022-03-29,Suffolk,Revere,NH/PI,11.0,,,,,
169278,2022-03-29,Suffolk,Revere,White,28857.0,21871.0,19784.0,10633.0,,2087.0
169279,2022-03-29,Suffolk,Revere,Other/Unknown,,5264.0,3691.0,,,1573.0
169280,2022-03-29,Suffolk,Revere,Total,60849.0,,,,,
172305,2022-04-05,Suffolk,Revere,AI/AN,55.0,57.0,48.0,15.0,,9.0
172306,2022-04-05,Suffolk,Revere,Asian,3428.0,3014.0,2651.0,1443.0,,363.0
172307,2022-04-05,Suffolk,Revere,Black,3713.0,2428.0,2148.0,931.0,,280.0
172308,2022-04-05,Suffolk,Revere,Hispanic,24756.0,20146.0,17126.0,6461.0,,3020.0
172309,2022-04-05,Suffolk,Revere,Multi,582.0,1253.0,1185.0,643.0,,68.0
172310,2022-04-05,Suffolk,Revere,NH/PI,11.0,,,,,
172311,2022-04-05,Suffolk,Revere,White,28857.0,21889.0,19794.0,10679.0,,2095.0
172312,2022-04-05,Suffolk,Revere,Other/Unknown,,5282.0,3701.0,,,1581.0
172313,2022-04-05,Suffolk,Revere,Total,60849.0,,,,,
175338,2022-04-12,Suffolk,Revere,AI/AN,55.0,56.0,48.0,15.0,,8.0
175339,2022-04-12,Suffolk,Revere,Asian,3428.0,3012.0,2651.0,1449.0,,361.0
175340,2022-04-12,Suffolk,Revere,Black,3713.0,2443.0,2160.0,950.0,,283.0
175341,2022-04-12,Suffolk,Revere,Hispanic,24756.0,20193.0,17147.0,6520.0,,3046.0
175342,2022-04-12,Suffolk,Revere,Multi,582.0,1259.0,1191.0,653.0,,68.0
175343,2022-04-12,Suffolk,Revere,NH/PI,11.0,,,,,
175344,2022-04-12,Suffolk,Revere,White,28857.0,21890.0,19810.0,10761.0,,2080.0
175345,2022-04-12,Suffolk,Revere,Other/Unknown,,5290.0,3708.0,,,1582.0
175346,2022-04-12,Suffolk,Revere,Total,60849.0,,,,,
178371,2022-04-19,Suffolk,Revere,AI/AN,55.0,54.0,45.0,14.0,,9.0
178372,2022-04-19,Suffolk,Revere,Asian,3428.0,3009.0,2653.0,1454.0,,356.0
178373,2022-04-19,Suffolk,Revere,Black,3713.0,2445.0,2162.0,963.0,,283.0
178374,2022-04-19,Suffolk,Revere,Hispanic,24756.0,20220.0,17180.0,6578.0,,3040.0
178375,2022-04-19,Suffolk,Revere,Multi,582.0,1263.0,1196.0,657.0,,67.0
178376,2022-04-19,Suffolk,Revere,NH/PI,11.0,,,,,
178377,2022-04-19,Suffolk,Revere,White,28857.0,21901.0,19828.0,10822.0,,2073.0
178378,2022-04-19,Suffolk,Revere,Other/Unknown,,5279.0,3711.0,,,1568.0
178379,2022-04-19,Suffolk,Revere,Total,60849.0,,,,,
181404,2022-04-26,Suffolk,Revere,AI/AN,55.0,54.0,44.0,15.0,,10.0
181405,2022-04-26,Suffolk,Revere,Asian,3428.0,3015.0,2653.0,1468.0,,362.0
181406,2022-04-26,Suffolk,Revere,Black,3713.0,2449.0,2170.0,968.0,,279.0
181407,2022-04-26,Suffolk,Revere,Hispanic,24756.0,20241.0,17207.0,6633.0,,3034.0
181408,2022-04-26,Suffolk,Revere,Multi,582.0,1272.0,1205.0,673.0,,67.0
181409,2022-04-26,Suffolk,Revere,NH/PI,11.0,,,,,
181410,2022-04-26,Suffolk,Revere,White,28857.0,21917.0,19846.0,10897.0,,2071.0
181411,2022-04-26,Suffolk,Revere,Other/Unknown,,5281.0,3705.0,,,1576.0
181412,2022-04-26,Suffolk,Revere,Total,60849.0,,,,,
184437,2022-05-03,Suffolk,Revere,AI/AN,55.0,55.0,45.0,15.0,,10.0
184438,2022-05-03,Suffolk,Revere,Asian,3428.0,3022.0,2652.0,1470.0,,370.0
184439,2022-05-03,Suffolk,Revere,Black,3713.0,2451.0,2170.0,971.0,,281.0
184440,2022-05-03,Suffolk,Revere,Hispanic,24756.0,20264.0,17228.0,6691.0,,3036.0
184441,2022-05-03,Suffolk,Revere,Multi,582.0,1274.0,1206.0,681.0,,68.0
184442,2022-05-03,Suffolk,Revere,NH/PI,11.0,,,,,
184443,2022-05-03,Suffolk,Revere,White,28857.0,21943.0,19860.0,10945.0,,2083.0
184444,2022-05-03,Suffolk,Revere,Other/Unknown,,5286.0,3712.0,,,1574.0
184445,2022-05-03,Suffolk,Revere,Total,60849.0,,,,,
187470,2022-05-10,Suffolk,Revere,AI/AN,55.0,55.0,45.0,15.0,,10.0
187471,2022-05-10,Suffolk,Revere,Asian,3428.0,3029.0,2652.0,1476.0,,377.0
187472,2022-05-10,Suffolk,Revere,Black,3713.0,2450.0,2169.0,980.0,,281.0
187473,2022-05-10,Suffolk,Revere,Hispanic,24756.0,20305.0,17258.0,6749.0,,3047.0
187474,2022-05-10,Suffolk,Revere,Multi,582.0,1279.0,1208.0,686.0,,71.0
187475,2022-05-10,Suffolk,Revere,NH/PI,11.0,,,,,
187476,2022-05-10,Suffolk,Revere,White,28857.0,21962.0,19886.0,10993.0,,2076.0
187477,2022-05-10,Suffolk,Revere,Other/Unknown,,5291.0,3711.0,,,1580.0
187478,2022-05-10,Suffolk,Revere,Total,60849.0,,,,,
190503,2022-05-17,Suffolk,Revere,AI/AN,55.0,56.0,46.0,15.0,,10.0
190504,2022-05-17,Suffolk,Revere,Asian,3428.0,3035.0,2654.0,1480.0,,381.0
190505,2022-05-17,Suffolk,Revere,Black,3713.0,2463.0,2177.0,987.0,,286.0
190506,2022-05-17,Suffolk,Revere,Hispanic,24756.0,20337.0,17276.0,6809.0,,3061.0
190507,2022-05-17,Suffolk,Revere,Multi,582.0,1284.0,1212.0,693.0,,72.0
190508,2022-05-17,Suffolk,Revere,NH/PI,11.0,,,,,
190509,2022-05-17,Suffolk,Revere,White,28857.0,22044.0,19915.0,11053.0,,2129.0
190510,2022-05-17,Suffolk,Revere,Other/Unknown,,5291.0,3708.0,,,1583.0
190511,2022-05-17,Suffolk,Revere,Total,60849.0,,,,,
193536,2022-05-24,Suffolk,Revere,AI/AN,55.0,56.0,46.0,15.0,,10.0
193537,2022-05-24,Suffolk,Revere,Asian,3428.0,3046.0,2663.0,1487.0,,383.0
193538,2022-05-24,Suffolk,Revere,Black,3713.0,2473.0,2185.0,1005.0,,288.0
193539,2022-05-24,Suffolk,Revere,Hispanic,24756.0,20371.0,17300.0,6877.0,,3071.0
193540,2022-05-24,Suffolk,Revere,Multi,582.0,1287.0,1216.0,700.0,,71.0
193541,2022-05-24,Suffolk,Revere,NH/PI,11.0,,,,,
193542,2022-05-24,Suffolk,Revere,White,28857.0,22117.0,19956.0,11154.0,,2161.0
193543,2022-05-24,Suffolk,Revere,Other/Unknown,,5299.0,3705.0,,,1594.0
193544,2022-05-24,Suffolk,Revere,Total,60849.0,,,,,
196569,2022-05-31,Suffolk,Revere,AI/AN,55.0,56.0,46.0,15.0,,10.0
196570,2022-05-31,Suffolk,Revere,Asian,3428.0,3052.0,2667.0,1495.0,,385.0
196571,2022-05-31,Suffolk,Revere,Black,3713.0,2475.0,2180.0,1006.0,,295.0
196572,2022-05-31,Suffolk,Revere,Hispanic,24756.0,20422.0,17330.0,6929.0,,3092.0
196573,2022-05-31,Suffolk,Revere,Multi,582.0,1291.0,1218.0,707.0,,73.0
196574,2022-05-31,Suffolk,Revere,NH/PI,11.0,,,,,
196575,2022-05-31,Suffolk,Revere,White,28857.0,22139.0,19973.0,11218.0,,2166.0
196576,2022-05-31,Suffolk,Revere,Other/Unknown,,5293.0,3700.0,,,1593.0
196577,2022-05-31,Suffolk,Revere,Total,60849.0,,,,,
199602,2022-06-07,Suffolk,Revere,AI/AN,55.0,56.0,46.0,15.0,,10.0
199603,2022-06-07,Suffolk,Revere,Asian,3428.0,3063.0,2672.0,1509.0,,391.0
199604,2022-06-07,Suffolk,Revere,Black,3713.0,2483.0,2186.0,1020.0,,297.0
199605,2022-06-07,Suffolk,Revere,Hispanic,24756.0,20441.0,17343.0,6993.0,,3098.0
199606,2022-06-07,Suffolk,Revere,Multi,582.0,1298.0,1225.0,722.0,,73.0
199607,2022-06-07,Suffolk,Revere,NH/PI,11.0,,,,,
199608,2022-06-07,Suffolk,Revere,White,28857.0,22157.0,19984.0,11286.0,,2173.0
199609,2022-06-07,Suffolk,Revere,Other/Unknown,,5287.0,3697.0,,,1590.0
199610,2022-06-07,Suffolk,Revere,Total,60849.0,,,,,
202635,2022-06-14,Suffolk,Revere,AI/AN,55.0,56.0,46.0,15.0,,10.0
202636,2022-06-14,Suffolk,Revere,Asian,3428.0,3063.0,2675.0,1514.0,,388.0
202637,2022-06-14,Suffolk,Revere,Black,3713.0,2483.0,2188.0,1028.0,,295.0
202638,2022-06-14,Suffolk,Revere,Hispanic,24756.0,20457.0,17366.0,7025.0,,3091.0
202639,2022-06-14,Suffolk,Revere,Multi,582.0,1300.0,1232.0,726.0,,68.0
202640,2022-06-14,Suffolk,Revere,NH/PI,11.0,,,,,
202641,2022-06-14,Suffolk,Revere,White,28857.0,22177.0,20016.0,11362.0,,2161.0
202642,2022-06-14,Suffolk,Revere,Other/Unknown,,5286.0,3688.0,,,1598.0
202643,2022-06-14,Suffolk,Revere,Total,60849.0,,,,,
205668,2022-06-21,Suffolk,Revere,AI/AN,55.0,56.0,46.0,15.0,,10.0
205669,2022-06-21,Suffolk,Revere,Asian,3428.0,3066.0,2679.0,1521.0,,387.0
205670,2022-06-21,Suffolk,Revere,Black,3713.0,2490.0,2191.0,1032.0,,299.0
205671,2022-06-21,Suffolk,Revere,Hispanic,24756.0,20488.0,17386.0,7067.0,,3102.0
205672,2022-06-21,Suffolk,Revere,Multi,582.0,1305.0,1236.0,731.0,,69.0
205673,2022-06-21,Suffolk,Revere,NH/PI,11.0,,,,,
205674,2022-06-21,Suffolk,Revere,White,28857.0,22174.0,20017.0,11399.0,,2157.0
205675,2022-06-21,Suffolk,Revere,Other/Unknown,,5286.0,3682.0,,,1604.0
205676,2022-06-21,Suffolk,Revere,Total,60849.0,,,,,
208701,2022-06-28,Suffolk,Revere,AI/AN,55.0,57.0,47.0,16.0,,10.0
208702,2022-06-28,Suffolk,Revere,Asian,3428.0,3068.0,2682.0,1536.0,,386.0
208703,2022-06-28,Suffolk,Revere,Black,3713.0,2498.0,2196.0,1040.0,,302.0
208704,2022-06-28,Suffolk,Revere,Hispanic,24756.0,20530.0,17423.0,7132.0,,3107.0
208705,2022-06-28,Suffolk,Revere,Multi,582.0,1309.0,1240.0,736.0,,69.0
208706,2022-06-28,Suffolk,Revere,NH/PI,11.0,,,,,
208707,2022-06-28,Suffolk,Revere,White,28857.0,22174.0,20036.0,11452.0,,2138.0
208708,2022-06-28,Suffolk,Revere,Other/Unknown,,5280.0,3678.0,,,1602.0
208709,2022-06-28,Suffolk,Revere,Total,60849.0,,,,,
211734,2022-07-05,Suffolk,Revere,AI/AN,55.0,57.0,47.0,16.0,,10.0
211735,2022-07-05,Suffolk,Revere,Asian,3428.0,3077.0,2687.0,1544.0,,390.0
211736,2022-07-05,Suffolk,Revere,Black,3713.0,2503.0,2203.0,1050.0,,300.0
211737,2022-07-05,Suffolk,Revere,Hispanic,24756.0,20556.0,17439.0,7174.0,,3117.0
211738,2022-07-05,Suffolk,Revere,Multi,582.0,1312.0,1245.0,740.0,,67.0
211739,2022-07-05,Suffolk,Revere,NH/PI,11.0,,,,,
211740,2022-07-05,Suffolk,Revere,White,28857.0,22171.0,20040.0,11494.0,,2131.0
211741,2022-07-05,Suffolk,Revere,Other/Unknown,,5297.0,3685.0,,,1612.0
211742,2022-07-05,Suffolk,Revere,Total,60849.0,,,,,
214767,2022-07-12,Suffolk,Revere,AI/AN,78.0,57.0,47.0,16.0,2.0,
214768,2022-07-12,Suffolk,Revere,Asian,3539.0,3087.0,2691.0,1545.0,127.0,
214769,2022-07-12,Suffolk,Revere,Black,3732.0,2508.0,2205.0,1054.0,77.0,
214770,2022-07-12,Suffolk,Revere,Hispanic,23057.0,20580.0,17437.0,7206.0,467.0,
214771,2022-07-12,Suffolk,Revere,Multi,3084.0,1313.0,1247.0,741.0,100.0,
214772,2022-07-12,Suffolk,Revere,NH/PI,28.0,,,,,
214773,2022-07-12,Suffolk,Revere,White,28669.0,22174.0,20041.0,11533.0,2232.0,
214774,2022-07-12,Suffolk,Revere,Other/Unknown,,5311.0,3685.0,898.0,,
214775,2022-07-12,Suffolk,Revere,Total,62186.0,,,,,
217800,2022-07-19,Suffolk,Revere,AI/AN,78.0,57.0,47.0,16.0,2.0,
217801,2022-07-19,Suffolk,Revere,Asian,3539.0,3089.0,2692.0,1556.0,141.0,
217802,2022-07-19,Suffolk,Revere,Black,3732.0,2517.0,2214.0,1063.0,84.0,
217803,2022-07-19,Suffolk,Revere,Hispanic,23057.0,20601.0,17449.0,7264.0,495.0,
217804,2022-07-19,Suffolk,Revere,Multi,3084.0,1320.0,1254.0,750.0,106.0,
217805,2022-07-19,Suffolk,Revere,NH/PI,28.0,,,,,
217806,2022-07-19,Suffolk,Revere,White,28669.0,22187.0,20055.0,11589.0,2338.0,
217807,2022-07-19,Suffolk,Revere,Other/Unknown,,5308.0,3684.0,902.0,,
217808,2022-07-19,Suffolk,Revere,Total,62186.0,,,,,
220833,2022-07-26,Suffolk,Revere,AI/AN,78.0,57.0,47.0,16.0,2.0,
220834,2022-07-26,Suffolk,Revere,Asian,3539.0,3093.0,2698.0,1564.0,151.0,
220835,2022-07-26,Suffolk,Revere,Black,3732.0,2516.0,2215.0,1067.0,92.0,
220836,2022-07-26,Suffolk,Revere,Hispanic,23057.0,20662.0,17472.0,7338.0,544.0,
220837,2022-07-26,Suffolk,Revere,Multi,3084.0,1330.0,1263.0,765.0,117.0,
220838,2022-07-26,Suffolk,Revere,NH/PI,28.0,,,,,
220839,2022-07-26,Suffolk,Revere,White,28669.0,22213.0,20087.0,11639.0,2446.0,
220840,2022-07-26,Suffolk,Revere,Other/Unknown,,5316.0,3684.0,917.0,,
220841,2022-07-26,Suffolk,Revere,Total,62186.0,,,,,
223866,2022-08-02,Suffolk,Revere,AI/AN,78.0,57.0,47.0,17.0,2.0,
223867,2022-08-02,Suffolk,Revere,Asian,3539.0,3104.0,2700.0,1576.0,154.0,
223868,2022-08-02,Suffolk,Revere,Black,3732.0,2516.0,2211.0,1071.0,100.0,
223869,2022-08-02,Suffolk,Revere,Hispanic,23057.0,20708.0,17484.0,7381.0,583.0,
223870,2022-08-02,Suffolk,Revere,Multi,3084.0,1329.0,1263.0,770.0,121.0,
223871,2022-08-02,Suffolk,Revere,NH/PI,28.0,,,,,
223872,2022-08-02,Suffolk,Revere,White,28669.0,22238.0,20096.0,11685.0,2513.0,
223873,2022-08-02,Suffolk,Revere,Other/Unknown,0.0,,,,,
223874,2022-08-02,Suffolk,Revere,Total,62186.0,60669.0,51216.0,23441.0,3531.0,
226899,2022-08-09,Suffolk,Revere,AI/AN,78.0,57.0,47.0,17.0,3.0,
226900,2022-08-09,Suffolk,Revere,Asian,3539.0,3108.0,2701.0,1580.0,155.0,
226901,2022-08-09,Suffolk,Revere,Black,3732.0,2525.0,2215.0,1076.0,104.0,
226902,2022-08-09,Suffolk,Revere,Hispanic,23057.0,20744.0,17502.0,7426.0,613.0,
226903,2022-08-09,Suffolk,Revere,Multi,3084.0,1330.0,1265.0,775.0,123.0,
226904,2022-08-09,Suffolk,Revere,NH/PI,28.0,,,,,
226905,2022-08-09,Suffolk,Revere,White,28669.0,22262.0,20118.0,11719.0,2580.0,
226906,2022-08-09,Suffolk,Revere,Other/Unknown,0.0,,,,,
226907,2022-08-09,Suffolk,Revere,Total,62186.0,60747.0,51251.0,23537.0,3640.0,
229932,2022-08-16,Suffolk,Revere,AI/AN,78.0,57.0,47.0,17.0,3.0,
229933,2022-08-16,Suffolk,Revere,Asian,3539.0,3113.0,2701.0,1581.0,159.0,
229934,2022-08-16,Suffolk,Revere,Black,3732.0,2531.0,2220.0,1083.0,107.0,
229935,2022-08-16,Suffolk,Revere,Hispanic,23057.0,20785.0,17516.0,7491.0,634.0,
229936,2022-08-16,Suffolk,Revere,Multi,3084.0,1332.0,1268.0,780.0,127.0,
229937,2022-08-16,Suffolk,Revere,NH/PI,28.0,,,,,
229938,2022-08-16,Suffolk,Revere,White,28669.0,22284.0,20127.0,11750.0,2613.0,
229939,2022-08-16,Suffolk,Revere,Other/Unknown,0.0,,,,,
229940,2022-08-16,Suffolk,Revere,Total,62186.0,60823.0,51294.0,23650.0,3707.0,
232965,2022-08-23,Suffolk,Revere,AI/AN,78.0,57.0,47.0,17.0,3.0,
232966,2022-08-23,Suffolk,Revere,Asian,3539.0,3115.0,2705.0,1590.0,166.0,
232967,2022-08-23,Suffolk,Revere,Black,3732.0,2536.0,2220.0,1088.0,109.0,
232968,2022-08-23,Suffolk,Revere,Hispanic,23057.0,20807.0,17542.0,7540.0,662.0,
232969,2022-08-23,Suffolk,Revere,Multi,3084.0,1336.0,1271.0,786.0,128.0,
232970,2022-08-23,Suffolk,Revere,NH/PI,28.0,,,,,
232971,2022-08-23,Suffolk,Revere,White,28669.0,22294.0,20140.0,11786.0,2660.0,
232972,2022-08-23,Suffolk,Revere,Other/Unknown,0.0,,,,,
232973,2022-08-23,Suffolk,Revere,Total,62186.0,60876.0,51336.0,23761.0,3795.0,
235998,2022-08-30,Suffolk,Revere,AI/AN,78.0,59.0,47.0,17.0,3.0,
235999,2022-08-30,Suffolk,Revere,Asian,3539.0,3119.0,2706.0,1603.0,165.0,
236000,2022-08-30,Suffolk,Revere,Black,3732.0,2544.0,2221.0,1091.0,110.0,
236001,2022-08-30,Suffolk,Revere,Hispanic,23057.0,20832.0,17553.0,7579.0,685.0,
236002,2022-08-30,Suffolk,Revere,Multi,3084.0,1345.0,1276.0,793.0,129.0,
236003,2022-08-30,Suffolk,Revere,NH/PI,28.0,,,,,
236004,2022-08-30,Suffolk,Revere,White,28669.0,22309.0,20152.0,11814.0,2695.0,
236005,2022-08-30,Suffolk,Revere,Other/Unknown,0.0,,,,,
236006,2022-08-30,Suffolk,Revere,Total,62186.0,60977.0,51364.0,23859.0,3857.0,
239031,2022-09-06,Suffolk,Revere,AI/AN,78.0,66.0,53.0,18.0,3.0,
239032,2022-09-06,Suffolk,Revere,Asian,3539.0,3133.0,2716.0,1602.0,165.0,
239033,2022-09-06,Suffolk,Revere,Black,3732.0,2573.0,2241.0,1101.0,112.0,
239034,2022-09-06,Suffolk,Revere,Hispanic,23057.0,20921.0,17654.0,7637.0,698.0,
239035,2022-09-06,Suffolk,Revere,Multi,3084.0,1361.0,1291.0,802.0,132.0,
239036,2022-09-06,Suffolk,Revere,NH/PI,28.0,,,,,
239037,2022-09-06,Suffolk,Revere,White,28669.0,22457.0,20290.0,11850.0,2716.0,
239038,2022-09-06,Suffolk,Revere,Other/Unknown,,,,,,
239039,2022-09-06,Suffolk,Revere,Total,62186.0,60663.0,51105.0,23946.0,3899.0,
242064,2022-09-13,Suffolk,Revere,AI/AN,78.0,68.0,54.0,19.0,3.0,
242065,2022-09-13,Suffolk,Revere,Asian,3539.0,3145.0,2719.0,1603.0,175.0,
242066,2022-09-13,Suffolk,Revere,Black,3732.0,2577.0,2248.0,1105.0,114.0,
242067,2022-09-13,Suffolk,Revere,Hispanic,23057.0,20894.0,17689.0,7718.0,712.0,
242068,2022-09-13,Suffolk,Revere,Multi,3084.0,1367.0,1297.0,805.0,140.0,
242069,2022-09-13,Suffolk,Revere,NH/PI,28.0,,,,,
242070,2022-09-13,Suffolk,Revere,White,28669.0,22473.0,20328.0,11888.0,2821.0,
242071,2022-09-13,Suffolk,Revere,Other/Unknown,,,,,,
242072,2022-09-13,Suffolk,Revere,Total,62186.0,60557.0,51156.0,24075.0,4040.0,
245097,2022-09-20,Suffolk,Revere,AI/AN,78.0,67.0,54.0,19.0,3.0,
245098,2022-09-20,Suffolk,Revere,Asian,3539.0,3148.0,2720.0,1612.0,185.0,
245099,2022-09-20,Suffolk,Revere,Black,3732.0,2575.0,2254.0,1112.0,122.0,
245100,2022-09-20,Suffolk,Revere,Hispanic,23057.0,20830.0,17748.0,7809.0,751.0,
245101,2022-09-20,Suffolk,Revere,Multi,3084.0,1380.0,1312.0,820.0,156.0,
245102,2022-09-20,Suffolk,Revere,NH/PI,28.0,,,,,
245103,2022-09-20,Suffolk,Revere,White,28669.0,22459.0,20345.0,11940.0,2935.0,
245104,2022-09-20,Suffolk,Revere,Other/Unknown,,,,,,
245105,2022-09-20,Suffolk,Revere,Total,62186.0,60414.0,51266.0,24265.0,4234.0,
248130,2022-09-27,Suffolk,Revere,AI/AN,78.0,69.0,55.0,19.0,3.0,
248131,2022-09-27,Suffolk,Revere,Asian,3539.0,3156.0,2727.0,1623.0,213.0,
248132,2022-09-27,Suffolk,Revere,Black,3732.0,2581.0,2258.0,1119.0,135.0,
248133,2022-09-27,Suffolk,Revere,Hispanic,23057.0,20874.0,17776.0,7862.0,826.0,
248134,2022-09-27,Suffolk,Revere,Multi,3084.0,1383.0,1314.0,825.0,171.0,
248135,2022-09-27,Suffolk,Revere,NH/PI,28.0,,,,,
248136,2022-09-27,Suffolk,Revere,White,28669.0,22486.0,20356.0,11998.0,3103.0,
248137,2022-09-27,Suffolk,Revere,Other/Unknown,,,,,,
248138,2022-09-27,Suffolk,Revere,Total,62186.0,60537.0,51324.0,24410.0,4539.0,
251163,2022-10-04,Suffolk,Revere,AI/AN,78.0,68.0,53.0,17.0,3.0,
251164,2022-10-04,Suffolk,Revere,Asian,3539.0,3161.0,2733.0,1632.0,235.0,
251165,2022-10-04,Suffolk,Revere,Black,3732.0,2581.0,2259.0,1126.0,149.0,
251166,2022-10-04,Suffolk,Revere,Hispanic,23057.0,20915.0,17802.0,7919.0,927.0,
251167,2022-10-04,Suffolk,Revere,Multi,3084.0,1395.0,1325.0,838.0,190.0,
251168,2022-10-04,Suffolk,Revere,NH/PI,28.0,,,,,
251169,2022-10-04,Suffolk,Revere,White,28669.0,22525.0,20384.0,12035.0,3294.0,
251170,2022-10-04,Suffolk,Revere,Other/Unknown,,,,,,
251171,2022-10-04,Suffolk,Revere,Total,62186.0,55672.0,47999.0,24531.0,4894.0,
